rebalance_date,factor,q1_ret,q2_ret,q3_ret,q4_ret,q5_ret,ls_ret,n_names
2020-01-31,beta_252d,-0.0886037647,-0.08036711555,-0.08494371726,-0.07160148751,-0.07838633848,0.01021742622,476
2020-02-28,beta_252d,-0.2460043338,-0.1848147161,-0.1580996181,-0.1270515172,-0.1285088148,0.117495519,476
2020-03-31,beta_252d,0.242752261,0.1452744616,0.1130620678,0.1018802493,0.1151647255,-0.1275875355,479
2020-04-30,beta_252d,0.068697794,0.0595430953,0.06387396445,0.06564167026,0.05826665602,-0.01043113797,479
2020-05-29,beta_252d,0.05747192678,0.0196230423,0.01089060783,-0.01298424108,-0.003647597688,-0.06111952446,481
2020-06-30,beta_252d,0.01884308933,0.04501363691,0.05120493596,0.06575287206,0.07754802346,0.05870493413,482
2020-07-31,beta_252d,0.07207041562,0.05144388015,0.05786101097,0.03982271586,0.02320444601,-0.04886596961,482
2020-08-31,beta_252d,-0.03437970229,-0.01243933876,-0.02197144538,-0.03420059165,-0.01259693713,0.02178276516,482
2020-09-30,beta_252d,0.007784525738,0.0009962861114,-0.002242055488,-0.01283819721,-0.02908693101,-0.03687145675,483
2020-10-30,beta_252d,0.261845176,0.1782295502,0.1295500882,0.09683847533,0.07569792715,-0.1861472489,483
2020-11-30,beta_252d,0.06773700867,0.04257281992,0.03558489567,0.03650082141,0.02075674116,-0.04698026751,483
2020-12-31,beta_252d,-0.004219160803,-0.00991508213,-0.00799868035,-0.01999732374,0.00589615262,0.01011531342,483
2021-01-29,beta_252d,0.1781343333,0.07849292638,0.05337639681,0.009426834649,-0.02692592218,-0.2050602555,483
2021-02-26,beta_252d,0.04358711381,0.06816161661,0.05513389328,0.06607531137,0.05016366193,0.006576548115,483
2021-03-31,beta_252d,0.04706558649,0.04546420119,0.04651791852,0.06149308797,0.0460289384,-0.001036648088,485
2021-04-30,beta_252d,0.04745933723,0.01846267148,0.01040139134,0.006031807382,0.01038730889,-0.03707202833,485
2021-05-28,beta_252d,-0.02313858585,-0.003144203462,0.01808242342,0.02275131207,0.02115458888,0.04429317473,485
2021-06-30,beta_252d,-0.0272034784,0.01093502026,0.0345431329,0.0362283863,0.02948861338,0.05669209178,485
2021-07-30,beta_252d,0.03050249867,0.01947305897,0.02373153926,0.02964426313,0.02695427375,-0.003548224919,485
2021-08-31,beta_252d,0.004937302436,-0.04462390566,-0.05702630577,-0.04440853924,-0.0553909787,-0.06032828114,485
2021-09-30,beta_252d,0.05730262773,0.05464396461,0.06785078622,0.06762038614,0.04605998558,-0.01124264216,486
2021-10-29,beta_252d,-0.0272812538,-0.01884447749,-0.0207122951,-0.02485146331,-0.008435455047,0.01884579876,486
2021-11-30,beta_252d,0.05387877777,0.05001771558,0.06044362612,0.07226007783,0.08198090115,0.02810212338,486
2021-12-31,beta_252d,-0.0208943181,-0.05209305457,-0.06138270869,-0.05155396109,-0.04401964489,-0.02312532679,488
2022-01-31,beta_252d,0.02401611601,-0.03034401181,-0.02934665368,-0.007174589842,-0.01743323553,-0.04144935154,488
2022-02-28,beta_252d,0.00734127678,0.02304694288,0.02967751288,0.04942174791,0.05134516283,0.04400388605,489
2022-03-31,beta_252d,-0.1129079139,-0.08128040828,-0.07271029407,-0.04952979717,-0.01543320957,0.09747470433,489
2022-04-29,beta_252d,-0.004488963698,0.001687002487,0.01387567616,0.0139022702,0.01217928811,0.0166682518,491
2022-05-31,beta_252d,-0.1519824413,-0.1145722736,-0.08354131214,-0.0701708872,-0.04246508669,0.1095173546,491
2022-06-30,beta_252d,0.1645493808,0.1269065335,0.09505742768,0.05789329508,0.03092177725,-0.1336276036,491
2022-07-29,beta_252d,-0.03571942814,-0.02620298729,-0.03888856246,-0.02452075908,-0.01644378738,0.01927564077,492
2022-08-31,beta_252d,-0.1110822235,-0.09506698221,-0.09165674868,-0.0741340585,-0.08057214453,0.03051007896,492
2022-09-30,beta_252d,0.09006374394,0.113855076,0.1092861129,0.1049344199,0.08335031509,-0.006713428853,492
2022-10-31,beta_252d,0.07530796984,0.07868391117,0.07674825755,0.06076749098,0.04971578801,-0.02559218183,492
2022-11-30,beta_252d,-0.08855990893,-0.05202503734,-0.04948852069,-0.04495962233,-0.02289405728,0.06566585165,492
2022-12-30,beta_252d,0.1817127106,0.1043736936,0.06575263785,0.04720653096,-0.006721014327,-0.1884337249,492
2023-01-31,beta_252d,0.0004740053763,-0.02919099458,-0.02581401642,-0.03751032607,-0.03393299945,-0.03440700482,493
2023-02-28,beta_252d,0.02964523495,0.005415918669,-0.02287083819,-0.007945097577,0.01810508643,-0.01154014852,493
2023-03-31,beta_252d,-0.03252540825,-0.0006707684779,0.006223454234,0.01555343608,0.029176425,0.06170183325,493
2023-04-28,beta_252d,0.06796052801,-0.02083721295,-0.0325314035,-0.051567451,-0.05232544997,-0.120285978,493
2023-05-31,beta_252d,0.1334421912,0.09071097153,0.09097063086,0.06952466739,0.0355099116,-0.09793227964,493
2023-06-30,beta_252d,0.08153947462,0.04969852406,0.03011831041,0.02948495735,0.01491629371,-0.06662318092,493
2023-07-31,beta_252d,-0.04002149123,-0.02385463288,-0.01758337979,-0.01514777036,-0.02137593202,0.01864555921,493
2023-08-31,beta_252d,-0.06166817634,-0.05434086833,-0.04741580212,-0.03715583954,-0.03011423194,0.0315539444,493
2023-09-29,beta_252d,-0.08182806024,-0.04101468173,-0.04672072767,-0.01987373764,0.005735514307,0.08756357455,493
2023-10-31,beta_252d,0.1642106848,0.1085735982,0.09783815427,0.08070380152,0.04209253283,-0.122118152,493
2023-11-30,beta_252d,0.1369770769,0.08621992296,0.0659157329,0.03688494903,0.02293929352,-0.1140377834,493
2023-12-29,beta_252d,-0.02060028555,-0.01810636344,0.01035275378,0.005766414301,0.01816160928,0.03876189484,494
2024-01-31,beta_252d,0.08666094894,0.07009375869,0.05585121038,0.04183717671,0.02124871407,-0.06541223488,494
2024-02-29,beta_252d,0.07027158587,0.03864236605,0.04450650755,0.04680191251,0.03692334326,-0.03334824261,494
2024-03-28,beta_252d,-0.0546997074,-0.06012886601,-0.04247742531,-0.03709333755,-0.0323735208,0.02232618659,494
2024-04-30,beta_252d,0.03521897095,0.04006808027,0.03882889282,0.03299907067,0.02045791335,-0.01476105761,494
2024-05-31,beta_252d,-0.002185842002,0.01152690632,-0.0003335476138,-0.002001339817,0.000222248545,0.002408090547,495
2024-06-28,beta_252d,0.05005243719,0.04421400923,0.02422855905,0.04188317106,0.04566020556,-0.004392231631,495
2024-07-31,beta_252d,0.004205930177,0.02659899685,0.0235850841,0.03675266441,0.04899647243,0.04479054226,495
2024-08-30,beta_252d,0.05481501143,0.03957148308,0.02259800481,0.01747905739,0.002117184786,-0.05269782664,495
2024-09-30,beta_252d,-0.01269652907,-0.0002002998873,-0.01105161847,-0.0134619413,-0.0181123194,-0.005415790333,495
2024-10-31,beta_252d,0.1043037571,0.08092996275,0.06698521892,0.06792611005,0.05160346148,-0.05270029564,496
2024-11-29,beta_252d,-0.06070111143,-0.06745927552,-0.0680441058,-0.04908297477,-0.06333539699,-0.002634285566,496
2024-12-31,beta_252d,0.048133166,0.05926117282,0.04068429172,0.02425877218,0.02250323853,-0.02562992747,496
2025-01-31,beta_252d,-0.06458349076,-0.03746800994,-0.000661587468,0.005120385476,0.05933124962,0.1239147404,496
2025-02-28,beta_252d,-0.1050677777,-0.06603315256,-0.03601488387,-0.01241606145,0.02040284116,0.1254706188,496
2025-03-31,beta_252d,0.01406765507,-0.02797164006,-0.02571300469,-0.03085683673,-0.01631450153,-0.0303821566,499
2025-04-30,beta_252d,0.1238395844,0.06581915775,0.05217029616,0.02080846779,-0.00889204384,-0.1327316282,499
2025-05-30,beta_252d,0.1205601595,0.05667938636,0.02747725764,0.006941296804,-0.005555721599,-0.126115881,499
2025-06-30,beta_252d,0.07466248234,0.01435321441,0.002893426495,-0.0009035403341,-0.01307339575,-0.08773587809,499
2025-07-31,beta_252d,0.0331175384,0.03440282137,0.02679394123,0.02699631324,0.02461540492,-0.008502133483,499
2025-08-29,beta_252d,0.06269988067,0.00918615558,0.00192188119,-0.000551912822,0.007834184597,-0.05486569607,499
2025-09-30,beta_252d,0.03899091886,0.003376646034,-0.01617489299,-0.03263615212,-0.03085782291,-0.06984874178,499
2025-10-31,beta_252d,0.004735635996,0.01573799776,0.003570967142,0.03672680434,0.04646179686,0.04172616086,499
2025-11-28,beta_252d,0.03621941339,0.01024477928,0.01833233872,-0.009505312194,-0.02186766667,-0.05808708005,499
2025-12-31,beta_252d,0.05244574025,0.03237030217,0.01074979194,0.01872829521,0.04238297236,-0.0100627679,499
2026-01-30,beta_252d,0.04721745109,0.02044050457,-0.00717643344,0.0396963431,0.07068917729,0.0234717262,499
2026-02-27,beta_252d,-0.04994891307,-0.04515822076,-0.06505428695,-0.06072331919,-0.06402190121,-0.01407298814,500
2026-03-31,beta_252d,0.1550908998,0.09941399756,0.02664830434,0.01223079377,0.01964256201,-0.1354483378,500
2026-04-30,beta_252d,0.09834743571,0.03228469726,0.02937050513,0.00270398545,-0.0388668206,-0.1372142563,500
2026-05-29,beta_252d,0.06375933873,0.01641055326,0.009065030684,0.009814230103,0.006992516328,-0.0567668224,500
2026-06-30,beta_252d,-0.06751082575,0.008555844388,0.04448923395,0.04910901557,0.05149493633,0.1190057621,500
2026-07-31,beta_252d,0.03545281115,0.01784810075,0.02175404658,0.02772372353,0.006942587887,-0.02851022326,500
2020-01-31,mom_12_1,-0.07907176157,-0.09029097585,-0.08587689476,-0.08337252874,-0.06539059946,0.01368116211,476
2020-02-28,mom_12_1,-0.231326214,-0.1787311869,-0.1561106159,-0.138749164,-0.1397163257,0.09160988821,476
2020-03-31,mom_12_1,0.2281346713,0.1208357275,0.1320385738,0.1020151211,0.1353196183,-0.09281505308,479
2020-04-30,mom_12_1,0.04104389366,0.0720306643,0.06315856733,0.0654792909,0.07447964919,0.03343575552,479
2020-05-29,mom_12_1,0.03317380967,0.002477825483,-0.007002049573,0.01275064281,0.03020661513,-0.002967194542,481
2020-06-30,mom_12_1,0.003635466286,0.04577098962,0.06417958843,0.07328866283,0.0716383742,0.06800290791,482
2020-07-31,mom_12_1,0.05912328673,0.04504066697,0.04527928104,0.04268091311,0.05247988683,-0.006643399899,482
2020-08-31,mom_12_1,-0.05388429718,-0.0128723544,-0.01301933101,-0.009036665232,-0.02656768393,0.02731661325,482
2020-09-30,mom_12_1,0.004387484195,0.005772341931,-0.01440769515,-0.02012053034,-0.01090561181,-0.015293096,483
2020-10-30,mom_12_1,0.2521170525,0.1364546414,0.1173144764,0.1169149665,0.1200240243,-0.1320930283,483
2020-11-30,mom_12_1,0.06381580019,0.04444677534,0.03884256077,0.02270070078,0.03333384129,-0.03048195889,483
2020-12-31,mom_12_1,0.001389995935,-0.01523896655,-0.028888296,-0.01041642016,0.01713422095,0.01574422501,483
2021-01-29,mom_12_1,0.107843291,0.0633843625,0.05477610067,0.0368925385,0.03048327529,-0.07736001567,483
2021-02-26,mom_12_1,0.0669388745,0.06755338308,0.06950959912,0.06763101499,0.01110206665,-0.05583680785,483
2021-03-31,mom_12_1,0.03638407366,0.06924247927,0.0498318876,0.05047513713,0.04063615491,0.00425208125,485
2021-04-30,mom_12_1,0.008409928088,0.007820178699,0.01600695865,0.03050123174,0.03000421915,0.02159429106,485
2021-05-28,mom_12_1,0.008675267479,0.01137815698,0.01369851139,-0.003467789448,0.005421388653,-0.003253878825,485
2021-06-30,mom_12_1,0.02390248557,0.03136069869,0.0300875876,0.005517096546,-0.006876193959,-0.03077867953,485
2021-07-30,mom_12_1,0.01180866615,0.02130041083,0.02887491459,0.03063878635,0.03768285586,0.02587418971,485
2021-08-31,mom_12_1,-0.04218329446,-0.05122442623,-0.03403650497,-0.04043416381,-0.02863403747,0.01354925699,485
2021-09-30,mom_12_1,0.04053649617,0.05170380438,0.061959591,0.0608300988,0.07862060665,0.03808411048,486
2021-10-29,mom_12_1,-0.01516436343,-0.01653566959,-0.0162920098,-0.01418183365,-0.03807598468,-0.02291162126,486
2021-11-30,mom_12_1,0.07990495438,0.07753389707,0.05989787285,0.06426736415,0.0367086989,-0.04319625548,486
2021-12-31,mom_12_1,-0.004821697975,-0.03725834448,-0.05200605025,-0.0725601779,-0.06371271558,-0.05889101761,488
2022-01-31,mom_12_1,-0.02350681665,-0.004766568164,-0.01835382805,-0.009866112565,-0.003676135363,0.01983068129,488
2022-02-28,mom_12_1,0.01174634168,0.01971976246,0.0381812868,0.03659637663,0.05462231606,0.04287597438,489
2022-03-31,mom_12_1,-0.0894048295,-0.05519245791,-0.05155960807,-0.06514242192,-0.07113064679,0.0182741827,489
2022-04-29,mom_12_1,-0.006148239856,0.01800629171,-0.004730004887,0.003051033794,0.02699312388,0.03314136373,491
2022-05-31,mom_12_1,-0.123833938,-0.09758301017,-0.07984356581,-0.06840098102,-0.09335773563,0.03047620232,491
2022-06-30,mom_12_1,0.1357725031,0.110329604,0.08960122677,0.07911160256,0.06080711952,-0.07496538356,491
2022-07-29,mom_12_1,-0.04461531024,-0.04804863594,-0.03249737936,-0.02451947124,0.008218961531,0.05283427178,492
2022-08-31,mom_12_1,-0.109545074,-0.09371281297,-0.08440520942,-0.08980539047,-0.0750731738,0.03447190021,492
2022-09-30,mom_12_1,0.09653035739,0.07840355468,0.1019115872,0.09383080168,0.1311091313,0.03457877392,492
2022-10-31,mom_12_1,0.06879449893,0.08149942789,0.08581331176,0.05714334355,0.04801056965,-0.02078392928,492
2022-11-30,mom_12_1,-0.08498036192,-0.0468296977,-0.04531615397,-0.03142828062,-0.04946219202,0.0355181699,492
2022-12-30,mom_12_1,0.170744024,0.09666782157,0.06199336854,0.03805463818,0.0250552632,-0.1456887608,492
2023-01-31,mom_12_1,-0.01769787343,-0.03483817801,-0.01992003461,-0.03266182981,-0.0206735063,-0.002975632867,493
2023-02-28,mom_12_1,0.01009876543,-0.01627860794,0.01122906766,0.01210993332,0.005264014084,-0.00483475135,493
2023-03-31,mom_12_1,-0.003928492881,-0.004104247954,0.009326642182,0.009020264676,0.007154537625,0.01108303051,493
2023-04-28,mom_12_1,0.005456447244,-0.0422880009,-0.03228864009,-0.02266855823,0.003341967728,-0.002114479516,493
2023-05-31,mom_12_1,0.1015657651,0.06995101798,0.0733671063,0.08183265149,0.09415856545,-0.007407199676,493
2023-06-30,mom_12_1,0.06192384763,0.04767768811,0.03628534288,0.03185453465,0.02817399821,-0.03374984942,493
2023-07-31,mom_12_1,-0.03638727651,-0.0360398766,-0.01338934539,-0.01924482542,-0.01287742322,0.02350985328,493
2023-08-31,mom_12_1,-0.05281775121,-0.04426698186,-0.04166853957,-0.03828617018,-0.0539072262,-0.00108947499,493
2023-09-29,mom_12_1,-0.04045684515,-0.03801089438,-0.02993205628,-0.02670478093,-0.04922123536,-0.008764390209,493
2023-10-31,mom_12_1,0.1012896826,0.0744361256,0.08850116063,0.09638167491,0.133895796,0.03260611334,493
2023-11-30,mom_12_1,0.1096762119,0.06640345703,0.05723626019,0.05472672053,0.06146368079,-0.04821253112,493
2023-12-29,mom_12_1,-0.03392997227,-0.007850160254,-0.006076317352,0.0128235245,0.03073404807,0.06466402034,494
2024-01-31,mom_12_1,0.01687100089,0.02584021169,0.0498908507,0.05642781162,0.127737579,0.1108665781,494
2024-02-29,mom_12_1,0.05554279312,0.05295552952,0.03826806812,0.04229262989,0.04820060635,-0.007342186767,494
2024-03-28,mom_12_1,-0.01923396438,-0.04492190822,-0.06039569806,-0.05168673761,-0.05071986541,-0.03148590103,494
2024-04-30,mom_12_1,0.04109420351,0.02735913536,0.02923181752,0.01521290185,0.05502402243,0.01392981892,494
2024-05-31,mom_12_1,-0.01728856801,-0.002032687183,0.008643801851,0.008062141789,0.009843736977,0.02713230498,495
2024-06-28,mom_12_1,0.04177393681,0.05562063286,0.05416393383,0.04382340877,0.01065646981,-0.031117467,495
2024-07-31,mom_12_1,0.007450755566,0.0224548372,0.03854779762,0.03862527889,0.03306047871,0.02560972314,495
2024-08-30,mom_12_1,0.02574292542,0.02637530433,0.02604061566,0.01713898821,0.04128290788,0.01553998245,495
2024-09-30,mom_12_1,-0.02572329264,-0.01909264378,-0.01506256057,-0.001798273093,0.006154061966,0.03187735461,495
2024-10-31,mom_12_1,0.05608407279,0.0647339763,0.0533655482,0.07895452874,0.1190974518,0.063013379,496
2024-11-29,mom_12_1,-0.05601071055,-0.05873682429,-0.06345958008,-0.06757992571,-0.06288320167,-0.006872491118,496
2024-12-31,mom_12_1,0.0162569282,0.03923173333,0.02478891343,0.04399079599,0.0708942525,0.0546373243,496
2025-01-31,mom_12_1,-0.007478585584,0.0003792035793,0.003994257436,0.00588150272,-0.04161464845,-0.03413606287,496
2025-02-28,mom_12_1,-0.03134493853,-0.009766239899,-0.02751739561,-0.03625360474,-0.09499153075,-0.06364659222,496
2025-03-31,mom_12_1,-0.04123171196,-0.01629901886,-0.02358734719,-0.009284183139,0.003815230521,0.04504694248,499
2025-04-30,mom_12_1,0.0541284355,0.04235716311,0.04973127232,0.0501882729,0.05800933218,0.003880896681,499
2025-05-30,mom_12_1,0.07368589167,0.03388812622,0.02699963317,0.0350218734,0.03693172871,-0.03675416296,499
2025-06-30,mom_12_1,0.01259628161,0.02080402146,0.01120738741,0.01138039198,0.02229781682,0.009701535214,499
2025-07-31,mom_12_1,0.05163878745,0.03058381578,0.02818589189,0.0154934728,0.01997767392,-0.03166111353,499
2025-08-29,mom_12_1,-0.01397165227,-0.01287310494,0.006949634378,0.02364954084,0.07803780744,0.0920094597,499
2025-09-30,mom_12_1,0.002348516827,-0.009106539886,-0.01978399713,-0.01242421421,0.001993443933,-0.0003550728936,499
2025-10-31,mom_12_1,0.0154392377,0.02954662858,0.02302696637,0.02880565248,0.01005060507,-0.005388632634,499
2025-11-28,mom_12_1,0.02123905277,0.01258791029,-0.0002551421317,-0.01551648124,0.01574433284,-0.005494719928,499
2025-12-31,mom_12_1,-0.0001290833887,0.03461737095,0.02854988314,0.03320173581,0.06061956131,0.06074864469,499
2026-01-30,mom_12_1,0.02072661491,0.03085631446,0.03554330081,0.03193398313,0.05161609853,0.03088948362,499
2026-02-27,mom_12_1,-0.07058246078,-0.06754952292,-0.04860392786,-0.03448961653,-0.06368111308,0.006901347706,500
2026-03-31,mom_12_1,0.02268705524,0.02793368838,0.03723174738,0.06249598695,0.1626780795,0.1399910243,500
2026-04-30,mom_12_1,0.02981356157,0.01016174456,0.008795857096,0.0177666894,0.05730195031,0.02748838874,500
2026-05-29,mom_12_1,-0.01511279811,0.01480776489,0.03873013782,0.03086443354,0.03675213095,0.05186492906,500
2026-06-30,mom_12_1,0.07129551301,0.0328282943,0.01173058318,0.02330996096,-0.05302614694,-0.1243216599,500
2026-07-31,mom_12_1,0.07942262539,0.008741079897,0.007287415702,-0.009704355633,0.02397450455,-0.05544812084,500
2019-02-28,rev_21d,0.02570894811,0.01356908838,0.009811632938,0.01190396507,0.001179707026,-0.02452924109,476
2019-03-29,rev_21d,0.04135022764,0.02554877561,0.03007545319,0.06492133193,0.05006726633,0.008717038681,476
2019-04-30,rev_21d,-0.08990953379,-0.05418847347,-0.05222030472,-0.04722695925,-0.05706684365,0.03284269014,479
2019-05-31,rev_21d,0.0510494502,0.06004411161,0.07003832363,0.08207368708,0.1231040091,0.07205455885,479
2019-06-28,rev_21d,0.01120401297,0.02112963041,0.009665856468,0.01884129065,0.007099185682,-0.00410482729,481
2019-07-31,rev_21d,-0.02686733586,-0.01337374598,-0.006793251492,-0.006669514787,-0.04316948022,-0.01630214436,482
2019-08-30,rev_21d,0.006792168131,0.01068113573,0.01754155003,0.04258651989,0.03963030196,0.03283813383,482
2019-09-30,rev_21d,0.02230095527,0.02165510551,0.008247929356,0.007864512655,0.01154399771,-0.01075695757,482
2019-10-31,rev_21d,0.0653642307,0.04086364546,0.03620086508,0.02540088967,0.03009527934,-0.03526895136,483
2019-11-29,rev_21d,0.02982481136,0.02748224299,0.02726639931,0.01914115926,0.03375315264,0.003928341287,483
2019-12-31,rev_21d,-0.02709479292,-0.005524772983,-0.001012584591,-0.0004436021475,0.01237479766,0.03946959058,483
2020-01-31,rev_21d,-0.06762264074,-0.07195371108,-0.07619011622,-0.09331954119,-0.09568056159,-0.02805792085,483
2020-02-28,rev_21d,-0.09960091288,-0.1524233068,-0.166356885,-0.2059210677,-0.2233590097,-0.1237580968,483
2020-03-31,rev_21d,0.1235993571,0.1002716173,0.1158749874,0.1264684715,0.2541371923,0.1305378352,483
2020-04-30,rev_21d,0.08525788675,0.07296103272,0.05591511005,0.06319802584,0.04843859669,-0.03681929007,485
2020-05-29,rev_21d,0.02417343396,0.01147801391,0.00530914118,0.001445581016,0.03428466987,0.01011123592,485
2020-06-30,rev_21d,0.0726457407,0.04262996438,0.05982629241,0.04632364487,0.03914619376,-0.03349954694,485
2020-07-31,rev_21d,0.05125801006,0.04128210149,0.04368224958,0.04720954921,0.05963890273,0.008380892665,485
2020-08-31,rev_21d,-0.01873182883,-0.0216827319,-0.01294745632,-0.02498895671,-0.03407215183,-0.015340323,485
2020-09-30,rev_21d,0.00616814028,0.004080042051,-0.01074772497,-0.02433972267,-0.009313965225,-0.01548210551,485
2020-10-30,rev_21d,0.1417780983,0.1452482536,0.134257571,0.1528114604,0.1845370538,0.04275895544,486
2020-11-30,rev_21d,0.05266650281,0.05712901509,0.03962782794,0.02698525302,0.024287753,-0.02837874981,486
2020-12-31,rev_21d,-0.005521602737,-0.01232022795,-0.01475048042,-0.01419996472,0.01562223555,0.02114383829,486
2021-01-29,rev_21d,0.05949504063,0.05439291564,0.05421639596,0.04040454207,0.07849838976,0.01900334913,488
2021-02-26,rev_21d,0.0293156553,0.04496249052,0.05930836473,0.06576741482,0.08004880357,0.05073314827,488
2021-03-31,rev_21d,0.03961477354,0.0444629822,0.05508903838,0.05541318302,0.05050221186,0.01088743832,489
2021-04-30,rev_21d,0.0113584277,0.01415541395,0.01266935078,0.02588576756,0.02827371081,0.01691528312,489
2021-05-28,rev_21d,-0.01011647726,-0.002266916573,0.01419630772,0.002970705265,0.03567853518,0.04579501244,491
2021-06-30,rev_21d,0.04157415951,0.03602503991,0.01156937855,0.007650570019,-0.01886298905,-0.06043714856,491
2021-07-30,rev_21d,0.03229438809,0.02821950648,0.02393474647,0.02846198812,0.02254267895,-0.009751709141,491
2021-08-31,rev_21d,-0.0413520019,-0.03727561615,-0.05365746944,-0.03302076757,-0.02808787619,0.01326412571,492
2021-09-30,rev_21d,0.06675965913,0.0482628959,0.0582445677,0.06559955067,0.05705588321,-0.009703775918,492
2021-10-29,rev_21d,-0.01358990196,-0.02743807982,-0.01544746414,-0.008859846044,-0.03847632766,-0.0248864257,492
2021-11-30,rev_21d,0.06146489961,0.06833868217,0.08111715984,0.04876196376,0.04876971868,-0.01269518093,492
2021-12-31,rev_21d,-0.05159372161,-0.03693980222,-0.04631401656,-0.03514734231,-0.06531309942,-0.01371937781,492
2022-01-31,rev_21d,0.007827033095,0.00243574621,-0.01724926968,-0.02788027233,-0.02642429742,-0.03425133051,492
2022-02-28,rev_21d,0.03608603295,0.04123471426,0.02761452961,0.03234930905,0.02492946629,-0.01115656665,493
2022-03-31,rev_21d,-0.06128224083,-0.05763591573,-0.06040904563,-0.08297011354,-0.07711998214,-0.01583774131,493
2022-04-29,rev_21d,0.00623445666,0.02265847552,0.008393999134,-0.01073808584,0.01096649022,0.004732033564,493
2022-05-31,rev_21d,-0.1201284958,-0.08677025066,-0.08156587004,-0.08215969067,-0.09337363272,0.02675486311,493
2022-06-30,rev_21d,0.05600563023,0.07950534898,0.09256666908,0.1158709405,0.1333372534,0.07733162315,493
2022-07-29,rev_21d,-0.03562585216,-0.03634333221,-0.02627728553,-0.02124760288,-0.01949698172,0.01612887044,493
2022-08-31,rev_21d,-0.07043890657,-0.09037039404,-0.09102011295,-0.09650624203,-0.103510271,-0.03307136446,493
2022-09-30,rev_21d,0.115529858,0.1090371194,0.101873322,0.0939837866,0.08120755264,-0.03432230538,493
2022-10-31,rev_21d,0.05927568572,0.06089881611,0.0657769534,0.07996323354,0.07516901753,0.0158933318,493
2022-11-30,rev_21d,-0.05712162479,-0.0337799209,-0.04362260216,-0.04916799821,-0.07534888884,-0.01822726405,493
2022-12-30,rev_21d,0.04074106232,0.04238598543,0.06651771139,0.08528845339,0.1586829986,0.1179419363,493
2023-01-31,rev_21d,-0.009690599893,-0.02742600502,-0.0297090197,-0.02577260219,-0.03203653511,-0.02234593522,494
2023-02-28,rev_21d,0.0188753384,-0.008568924816,-0.01094405962,0.01214444215,0.01166009709,-0.007215241311,494
2023-03-31,rev_21d,0.008286347592,-0.008023970162,0.007496932648,0.01199359092,-0.002558385753,-0.01084473334,494
2023-04-28,rev_21d,-0.03544347862,-0.03839543022,-0.03143255434,-0.0107283142,0.02780555636,0.06324903499,494
2023-05-31,rev_21d,0.1008278011,0.0975496874,0.07012102375,0.0674590146,0.08421027927,-0.01661752179,494
2023-06-30,rev_21d,0.04566224192,0.0420634024,0.03970143246,0.03190547847,0.04452965124,-0.00113259068,495
2023-07-31,rev_21d,-0.03327433009,-0.01969874865,-0.02726837153,-0.01860750126,-0.01992796594,0.01334636415,495
2023-08-31,rev_21d,-0.03833512032,-0.04275012267,-0.05029510993,-0.05035170327,-0.04993042968,-0.01159530936,495
2023-09-29,rev_21d,-0.02036482746,-0.02701348674,-0.02511830049,-0.04656679949,-0.06545364617,-0.04508881871,495
2023-10-31,rev_21d,0.06299209182,0.09147934218,0.1059117061,0.1160228248,0.1171743869,0.0541822951,495
2023-11-30,rev_21d,0.1038612647,0.08090855612,0.06824942832,0.04212328653,0.05465370399,-0.0492075607,496
2023-12-29,rev_21d,-0.03432520253,-0.005302801115,0.00625163881,0.01364302451,0.01442552233,0.04875072486,496
2024-01-31,rev_21d,0.07054172798,0.06700357614,0.03808146594,0.03755894581,0.06209948615,-0.008442241829,496
2024-02-29,rev_21d,0.05193200561,0.03713874028,0.0388990246,0.05244050022,0.05741800446,0.005485998847,496
2024-03-28,rev_21d,-0.02944001946,-0.03593859502,-0.03810509871,-0.05025261881,-0.07308284209,-0.04364282263,496
2024-04-30,rev_21d,0.04965209286,0.03671647915,0.02388821534,0.02759901094,0.03181841835,-0.01783367451,499
2024-05-31,rev_21d,0.003240206837,-0.0007341376506,0.004950207749,-0.002096937218,0.001950679939,-0.001289526898,499
2024-06-28,rev_21d,0.006982634979,0.05592346509,0.04240509508,0.05934929079,0.04194985545,0.03496722047,499
2024-07-31,rev_21d,0.01963142965,0.03685365827,0.03469736392,0.03367059106,0.01663232115,-0.002999108506,499
2024-08-30,rev_21d,0.03439451123,0.01893426415,0.02870665225,0.03587955749,0.02201930509,-0.01237520614,499
2024-09-30,rev_21d,0.01334380725,-0.01451330561,-0.003725065784,-0.006210754125,-0.03473535064,-0.04807915789,499
2024-10-31,rev_21d,0.1266258792,0.100059894,0.07354270061,0.0488361458,0.02296062908,-0.1036652501,499
2024-11-29,rev_21d,-0.05379137149,-0.07495960149,-0.06586548462,-0.06035657005,-0.05097338752,0.002817983968,499
2024-12-31,rev_21d,0.04417932473,0.0348361202,0.03371417,0.03658123984,0.04931238147,0.005133056739,499
2025-01-31,rev_21d,-0.03373670304,-0.00223261105,0.002746262027,-0.001733607514,-0.005761137796,0.02797556524,499
2025-02-28,rev_21d,-0.01192776509,-0.02775008099,-0.03514026169,-0.04349640231,-0.08560308925,-0.07367532417,499
2025-03-31,rev_21d,-0.01607382165,-0.02662189748,-0.0211512814,-0.03310039614,0.007066595226,0.02314041688,500
2025-04-30,rev_21d,0.07433041105,0.05263112611,0.03985971152,0.05739526655,0.03135564318,-0.04297476787,500
2025-05-30,rev_21d,0.09223082386,0.04825529311,0.0264310673,0.009198269583,0.03207485114,-0.06015597272,500
2025-06-30,rev_21d,0.05574870353,0.02250814414,0.005920413219,0.01518220509,-0.0218323773,-0.07758108083,500
2025-07-31,rev_21d,0.007897453032,0.02562198775,0.03642229361,0.04131148262,0.03665171878,0.02875426575,500
2025-08-29,rev_21d,0.03688364001,0.01071665356,0.01333504193,0.008603566207,0.02285659249,-0.01402704752,500
2025-09-30,rev_21d,0.06027764113,-0.01809265661,-0.02339965509,-0.02000580891,-0.02800664762,-0.08828428876,500
2025-10-31,rev_21d,0.02772634089,0.01457639348,0.009826372072,0.03620334143,0.01963766121,-0.008088679687,500
2025-11-28,rev_21d,0.005089407776,0.01136545443,-0.008373783992,0.0146829832,0.01152782847,0.00643842069,501
2025-12-31,rev_21d,0.05486983687,0.02716075376,0.03790832976,0.03124127572,0.02057934652,-0.03429049035,501
2026-01-30,rev_21d,0.08285032835,0.06644509768,0.03752730711,0.02021033238,-0.03348773755,-0.1163380659,501
2026-02-27,rev_21d,-0.05402337396,-0.04448017237,-0.08401627552,-0.06126500363,-0.0414793427,0.01254403126,501
2026-03-31,rev_21d,0.07558123583,0.06510673984,0.08321765128,0.037900628,0.05265551297,-0.02292572286,501
2026-04-30,rev_21d,0.09142014352,0.0246362743,0.0110563378,-0.009168347182,0.006077349632,-0.08534279389,501
2026-05-29,rev_21d,0.02282253479,0.01384984677,0.03386183029,0.03595836649,-0.0002105453167,-0.02303308011,501
2026-06-30,rev_21d,-0.05031144362,-0.001524467016,0.04455498874,0.01804535725,0.07323132665,0.1235427703,502
2026-07-31,rev_21d,0.05289483049,0.02246759281,0.006784963992,-6.547108537e-05,0.02309282457,-0.02980200592,503
2019-04-30,vol_63d,-0.1036183301,-0.08321326971,-0.06322412248,-0.03634522145,-0.01202971016,0.09158861999,476
2019-05-31,vol_63d,0.1058454193,0.084274957,0.08548692793,0.0661797468,0.04463167755,-0.06121374176,476
2019-06-28,vol_63d,0.01974081771,0.01337637516,0.009972374749,0.0106953875,0.01536152884,-0.00437928887,479
2019-07-31,vol_63d,-0.05719076529,-0.04012704393,-0.02864725186,0.004747310922,0.02755246821,0.0847432335,479
2019-08-30,vol_63d,0.03288989836,0.03315308177,0.0239058803,0.01214870036,0.01791731029,-0.01497258808,481
2019-09-30,vol_63d,0.02167014528,0.03136267062,0.01648432756,0.007582858132,-0.005582050628,-0.0272521959,482
2019-10-31,vol_63d,0.07531394551,0.04942898212,0.04436063939,0.03015514535,-0.003376180034,-0.07869012554,482
2019-11-29,vol_63d,0.05837886517,0.02521064654,0.02251535033,0.01665481493,0.01548227823,-0.04289658694,482
2019-12-31,vol_63d,-0.01392909387,-0.02295634845,-0.005142395187,-0.005545816205,0.0259601538,0.03988924767,483
2020-01-31,vol_63d,-0.06829686454,-0.08880605583,-0.08658850955,-0.07887309942,-0.08191115646,-0.01361429192,483
2020-02-28,vol_63d,-0.2261463647,-0.1854238058,-0.1747559396,-0.1387874843,-0.1207981605,0.1053482042,483
2020-03-31,vol_63d,0.2696259189,0.1175437833,0.1228540004,0.104615486,0.1039387104,-0.1656872086,483
2020-04-30,vol_63d,0.06564074796,0.05999742493,0.06467662219,0.06998430477,0.06486248776,-0.0007782602038,483
2020-05-29,vol_63d,0.05232717355,0.02956540087,0.003666968375,-0.01021537813,-0.0005107816635,-0.05283795522,483
2020-06-30,vol_63d,0.01697549538,0.05682746575,0.059834745,0.05270937279,0.07422475719,0.05724926181,485
2020-07-31,vol_63d,0.08142801994,0.05376733262,0.04670369457,0.03843481256,0.02273695338,-0.05869106656,485
2020-08-31,vol_63d,-0.03710981887,-0.02320566785,-0.02180289617,-0.01813175539,-0.01217298731,0.02493683156,485
2020-09-30,vol_63d,0.001626298933,-0.004672066804,0.001229350338,-0.009839722721,-0.02249709028,-0.02412338921,485
2020-10-30,vol_63d,0.2703673063,0.1544806811,0.142582956,0.1072141818,0.06816843275,-0.2021988736,485
2020-11-30,vol_63d,0.066681987,0.05210031794,0.04287574021,0.02209832795,0.01883671514,-0.04784527186,485
2020-12-31,vol_63d,0.02507878402,-0.003173460386,-0.01275210167,-0.01351615603,-0.02712257411,-0.05220135812,486
2021-01-29,vol_63d,0.1416425488,0.08797292109,0.04074456473,0.02462628939,-0.007713317892,-0.1493558667,486
2021-02-26,vol_63d,0.02068750983,0.04820105956,0.06582763716,0.06411493941,0.08498851492,0.06430100509,486
2021-03-31,vol_63d,0.02807026915,0.04296004984,0.05713410873,0.06286376457,0.05422073722,0.02615046808,488
2021-04-30,vol_63d,0.01583329544,0.03314242433,0.02281574825,0.008073214742,0.0106807909,-0.005152504535,488
2021-05-28,vol_63d,0.04471583964,0.005845278315,0.00775954988,-0.004133447925,-0.01482062796,-0.0595364676,489
2021-06-30,vol_63d,-0.01535390915,-0.000669024815,0.02964802124,0.03036528417,0.03730395408,0.05265786323,489
2021-07-30,vol_63d,0.03652225319,0.03029614651,0.02845115799,0.02335838347,0.01678222547,-0.01974002773,491
2021-08-31,vol_63d,0.001694960113,-0.03956963977,-0.04879997363,-0.05328650625,-0.05373646056,-0.05543142067,491
2021-09-30,vol_63d,0.07188896356,0.05179167188,0.0575895613,0.06156349045,0.05525312947,-0.01663583409,491
2021-10-29,vol_63d,-0.02609429139,-0.02276268146,-0.02339923285,-0.01740655989,-0.01406896639,0.012025325,492
2021-11-30,vol_63d,0.02481881652,0.05722709485,0.06307352079,0.07555552996,0.08826478511,0.06344596859,492
2021-12-31,vol_63d,-0.06835438326,-0.04067439355,-0.04245142499,-0.04733132589,-0.0362873192,0.03206706406,492
2022-01-31,vol_63d,0.01186936574,-0.01532105352,-0.02281913116,-0.02031720039,-0.01456309725,-0.026432463,492
2022-02-28,vol_63d,0.03128192824,0.01035694092,0.02094719885,0.04278723664,0.0552074675,0.02392553926,492
2022-03-31,vol_63d,-0.1317620624,-0.07763377297,-0.06615557372,-0.0437898475,-0.02030617866,0.1114558838,492
2022-04-29,vol_63d,-0.003057656668,0.01242414469,0.01825480352,0.002237007111,0.007755666022,0.01081332269,493
2022-05-31,vol_63d,-0.1561087965,-0.09918509976,-0.09603734331,-0.06195002132,-0.0500751829,0.1060336136,493
2022-06-30,vol_63d,0.1473023561,0.1243048814,0.1012377893,0.06743829571,0.0355253016,-0.1117770545,493
2022-07-29,vol_63d,-0.008259522975,-0.04761765279,-0.03572323264,-0.02603422103,-0.02142424202,-0.01316471904,493
2022-08-31,vol_63d,-0.1069057345,-0.1077220762,-0.08045149925,-0.08208745726,-0.07423783394,0.03266790052,493
2022-09-30,vol_63d,0.1068118699,0.1163330547,0.1019162504,0.08735485022,0.08922968614,-0.01758218377,493
2022-10-31,vol_63d,0.06865012278,0.06689367839,0.08454880208,0.06869577451,0.05194694948,-0.0167031733,493
2022-11-30,vol_63d,-0.08669010494,-0.05500557958,-0.04764637184,-0.04244996476,-0.02668964736,0.06000045758,493
2022-12-30,vol_63d,0.1732439535,0.1038833574,0.06893219517,0.03996865818,0.005583814744,-0.1676601388,493
2023-01-31,vol_63d,-0.007036573453,-0.03620657985,-0.0342949829,-0.02246947693,-0.02573195136,-0.01869537791,493
2023-02-28,vol_63d,0.02179585571,0.0100556235,-0.006110987246,-0.01654786069,0.01301940591,-0.008776449802,493
2023-03-31,vol_63d,-0.02576841819,-0.005894503331,0.01925658209,0.004699196372,0.02518186284,0.05095028102,494
2023-04-28,vol_63d,0.05055885112,-0.01832431697,-0.03966896755,-0.04253434286,-0.03889923049,-0.0894580816,494
2023-05-31,vol_63d,0.1218057496,0.08796282664,0.08487478979,0.07634527696,0.04882170267,-0.07298404696,494
2023-06-30,vol_63d,0.0932198238,0.05067507732,0.03384315717,0.01626945784,0.01101350758,-0.08220631622,494
2023-07-31,vol_63d,-0.04160218976,-0.02732509905,-0.01313263788,-0.006091340807,-0.03075135834,0.01085083142,494
2023-08-31,vol_63d,-0.0646835103,-0.04726324948,-0.0343757299,-0.04144300958,-0.04389698661,0.02078652369,495
2023-09-29,vol_63d,-0.06504065463,-0.05474092237,-0.03374556254,-0.02081737304,-0.01017254777,0.05486810687,495
2023-10-31,vol_63d,0.1480904812,0.1013157042,0.09961392753,0.07375002118,0.0708102177,-0.07728026346,495
2023-11-30,vol_63d,0.1266833512,0.08003629827,0.05533581786,0.06023017424,0.02789296188,-0.09879038931,495
2023-12-29,vol_63d,-0.01414079987,-0.01616709921,0.003289122829,0.004379492243,0.01766870801,0.03180950789,495
2024-01-31,vol_63d,0.08356155332,0.06267289447,0.05008673197,0.04261647208,0.03621603679,-0.04734551653,496
2024-02-29,vol_63d,0.05739485234,0.05374741888,0.05269830416,0.03947417124,0.03445834828,-0.02293650406,496
2024-03-28,vol_63d,-0.04812097092,-0.05995352539,-0.04474368085,-0.04040866002,-0.03340364043,0.01471733049,496
2024-04-30,vol_63d,0.05332300328,0.03427798764,0.03152459349,0.02314575588,0.0254520211,-0.02787098217,496
2024-05-31,vol_63d,0.008414367614,0.01100994817,-0.00346166174,-0.006106199988,-0.003022660401,-0.01143702801,496
2024-06-28,vol_63d,0.006916658322,0.05209209672,0.05099480361,0.04405721199,0.05265663858,0.04573998025,499
2024-07-31,vol_63d,0.01362675415,0.02473894553,0.01202050794,0.04070087583,0.05073935091,0.03711259676,499
2024-08-30,vol_63d,0.06186395627,0.02195853764,0.02450373852,0.01713597143,0.01439585182,-0.04746810445,499
2024-09-30,vol_63d,0.004927807441,-0.006963636943,-0.01257183109,-0.01785191657,-0.01316539217,-0.01809319961,499
2024-10-31,vol_63d,0.1132431666,0.07227382136,0.08082449617,0.05978733383,0.04612810548,-0.06711506115,499
2024-11-29,vol_63d,-0.04948380109,-0.06450103419,-0.07012988294,-0.06112328373,-0.06080674681,-0.01132294572,499
2024-12-31,vol_63d,0.05948101498,0.04691980558,0.04202810885,0.02218017663,0.02779899635,-0.03168201862,499
2025-01-31,vol_63d,-0.06309670293,-0.02548474025,-0.0111859499,0.02261340221,0.03686242917,0.09995913209,499
2025-02-28,vol_63d,-0.09390646127,-0.0422148115,-0.03614482716,-0.02297213517,-0.007902356899,0.08600410437,499
2025-03-31,vol_63d,0.02482212538,-0.01509141635,-0.04486359905,-0.03195638013,-0.01973324524,-0.04455537062,499
2025-04-30,vol_63d,0.1138160461,0.0654457435,0.0445410218,0.03047461245,-0.0004475163361,-0.1142635624,499
2025-05-30,vol_63d,0.1093465185,0.06154644037,0.0435905184,0.0058535895,-0.01214676182,-0.1214932804,500
2025-06-30,vol_63d,0.051070096,0.01665726207,0.01182365582,-0.005099407032,0.003075481821,-0.04799461418,500
2025-07-31,vol_63d,0.04408731354,0.03281906449,0.03966801353,0.02337857613,0.007951968116,-0.03613534542,500
2025-08-29,vol_63d,0.06271767437,0.01961668995,-0.006441502799,0.007896720184,0.008605912477,-0.05411176189,500
2025-09-30,vol_63d,0.04611022666,-0.00828339418,0.0002265317174,-0.02929251427,-0.03798797703,-0.08409820368,500
2025-10-31,vol_63d,0.007943520977,0.005821265669,0.03548411637,0.03318155894,0.02553964712,0.01759612615,500
2025-11-28,vol_63d,0.02950242613,0.002686561436,0.01147920761,0.007448484139,-0.01684295576,-0.04634538189,500
2025-12-31,vol_63d,0.05811303501,0.02753435923,0.02242488813,0.03658860544,0.02586780725,-0.03224522776,500
2026-01-30,vol_63d,0.0547446446,0.01927942817,0.03078323073,0.0217658673,0.04725321401,-0.00749143059,501
2026-02-27,vol_63d,-0.05605194756,-0.05608361613,-0.06364763691,-0.05460052738,-0.05486015446,0.0011917931,501
2026-03-31,vol_63d,0.147861182,0.06401226279,0.04027106234,0.03787390786,0.02372055346,-0.1241406285,501
2026-04-30,vol_63d,0.1185228713,0.04529885767,0.0006363813241,-0.01642359457,-0.02428378495,-0.1428066563,501
2026-05-29,vol_63d,0.02700016133,-0.0007993638179,0.00800406204,0.02325319139,0.04878220582,0.02178204449,501
2026-06-30,vol_63d,-0.0577765163,0.03125791948,0.04850677057,0.046899997,0.01586037487,0.07363689116,501
2026-07-31,vol_63d,0.06281511212,0.03520316522,0.02095243644,0.007245072046,-0.01801232189,-0.08082743401,501
