rebalance_date,factor,ic,n_names
2020-01-31,beta_252d,0.07271441645,476
2020-02-28,beta_252d,0.2836421798,476
2020-03-31,beta_252d,-0.3251258444,479
2020-04-30,beta_252d,-0.004056018835,479
2020-05-29,beta_252d,-0.2640574446,481
2020-06-30,beta_252d,0.2752589431,482
2020-07-31,beta_252d,-0.1624114753,482
2020-08-31,beta_252d,0.02230965132,482
2020-09-30,beta_252d,-0.1359520214,483
2020-10-30,beta_252d,-0.5743745065,483
2020-11-30,beta_252d,-0.2778289755,483
2020-12-31,beta_252d,-0.004088036502,483
2021-01-29,beta_252d,-0.6494325266,483
2021-02-26,beta_252d,0.09076895761,483
2021-03-31,beta_252d,0.009154481088,485
2021-04-30,beta_252d,-0.2465502833,485
2021-05-28,beta_252d,0.254940475,485
2021-06-30,beta_252d,0.3328999838,485
2021-07-30,beta_252d,-0.01654449315,485
2021-08-31,beta_252d,-0.236905953,485
2021-09-30,beta_252d,-0.01829914379,486
2021-10-29,beta_252d,0.1488002554,486
2021-11-30,beta_252d,0.2157441578,486
2021-12-31,beta_252d,-0.01529250609,488
2022-01-31,beta_252d,-0.09343215259,488
2022-02-28,beta_252d,0.2245552864,489
2022-03-31,beta_252d,0.4506879272,489
2022-04-29,beta_252d,0.04317622061,491
2022-05-31,beta_252d,0.4936110232,491
2022-06-30,beta_252d,-0.6063320785,491
2022-07-29,beta_252d,0.1204961524,492
2022-08-31,beta_252d,0.151762904,492
2022-09-30,beta_252d,-0.05027015354,492
2022-10-31,beta_252d,-0.1614749019,492
2022-11-30,beta_252d,0.3415072855,492
2022-12-30,beta_252d,-0.638182533,492
2023-01-31,beta_252d,-0.1384783909,493
2023-02-28,beta_252d,-0.04822557854,493
2023-03-31,beta_252d,0.3254681761,493
2023-04-28,beta_252d,-0.3132258944,493
2023-05-31,beta_252d,-0.3768676411,493
2023-06-30,beta_252d,-0.3099588609,493
2023-07-31,beta_252d,0.08144376771,493
2023-08-31,beta_252d,0.2401471275,493
2023-09-29,beta_252d,0.4027454568,493
2023-10-31,beta_252d,-0.5010766387,493
2023-11-30,beta_252d,-0.5165234485,493
2023-12-29,beta_252d,0.2549796614,494
2024-01-31,beta_252d,-0.2055930515,494
2024-02-29,beta_252d,-0.1493249714,494
2024-03-28,beta_252d,0.1793230707,494
2024-04-30,beta_252d,-0.07383820887,494
2024-05-31,beta_252d,-0.00168184554,495
2024-06-28,beta_252d,-0.0215697556,495
2024-07-31,beta_252d,0.2057309027,495
2024-08-30,beta_252d,-0.2683724554,495
2024-09-30,beta_252d,-0.05203579362,495
2024-10-31,beta_252d,-0.1426525114,496
2024-11-29,beta_252d,0.07048826106,496
2024-12-31,beta_252d,-0.157027496,496
2025-01-31,beta_252d,0.5133389151,496
2025-02-28,beta_252d,0.6296252195,496
2025-03-31,beta_252d,-0.08002853144,499
2025-04-30,beta_252d,-0.5198273004,499
2025-05-30,beta_252d,-0.5715138228,499
2025-06-30,beta_252d,-0.2666467394,499
2025-07-31,beta_252d,-0.04335929691,499
2025-08-29,beta_252d,-0.05229649661,499
2025-09-30,beta_252d,-0.2594834005,499
2025-10-31,beta_252d,0.2042201994,499
2025-11-28,beta_252d,-0.2940616655,499
2025-12-31,beta_252d,-0.008616944733,499
2026-01-30,beta_252d,0.1704940483,499
2026-02-27,beta_252d,-0.003915375662,500
2026-03-31,beta_252d,-0.3901103284,500
2026-04-30,beta_252d,-0.3259199597,500
2026-05-29,beta_252d,-0.1342228409,500
2026-06-30,beta_252d,0.2910278555,500
2026-07-31,beta_252d,0.0187262189,500
2026-08-31,beta_252d,0.1668079149,496
2020-01-31,mom_12_1,0.1088261048,476
2020-02-28,mom_12_1,0.1992752288,476
2020-03-31,mom_12_1,-0.1552800232,479
2020-04-30,mom_12_1,0.1271595051,479
2020-05-29,mom_12_1,0.0009454015146,481
2020-06-30,mom_12_1,0.3106576392,482
2020-07-31,mom_12_1,-0.06059109064,482
2020-08-31,mom_12_1,0.1164902135,482
2020-09-30,mom_12_1,-0.07848334559,483
2020-10-30,mom_12_1,-0.3793088636,483
2020-11-30,mom_12_1,-0.1929030709,483
2020-12-31,mom_12_1,0.0600115691,483
2021-01-29,mom_12_1,-0.2175912497,483
2021-02-26,mom_12_1,-0.2151210468,483
2021-03-31,mom_12_1,-0.02470827043,485
2021-04-30,mom_12_1,0.185227022,485
2021-05-28,mom_12_1,-0.09881954607,485
2021-06-30,mom_12_1,-0.2167569156,485
2021-07-30,mom_12_1,0.1446457391,485
2021-08-31,mom_12_1,0.02725891589,485
2021-09-30,mom_12_1,0.1853864211,486
2021-10-29,mom_12_1,-0.1021587072,486
2021-11-30,mom_12_1,-0.2407725127,486
2021-12-31,mom_12_1,-0.2911435361,488
2022-01-31,mom_12_1,0.04819310724,488
2022-02-28,mom_12_1,0.1907566837,489
2022-03-31,mom_12_1,0.01477981309,489
2022-04-29,mom_12_1,0.04776954095,491
2022-05-31,mom_12_1,0.1810150448,491
2022-06-30,mom_12_1,-0.3272698366,491
2022-07-29,mom_12_1,0.3196092949,492
2022-08-31,mom_12_1,0.168090574,492
2022-09-30,mom_12_1,0.1073524018,492
2022-10-31,mom_12_1,-0.1978710781,492
2022-11-30,mom_12_1,0.1930384891,492
2022-12-30,mom_12_1,-0.5226470915,492
2023-01-31,mom_12_1,-0.001547325481,493
2023-02-28,mom_12_1,0.03114032104,493
2023-03-31,mom_12_1,0.08587944413,493
2023-04-28,mom_12_1,0.06466721425,493
2023-05-31,mom_12_1,0.08461589153,493
2023-06-30,mom_12_1,-0.1682235802,493
2023-07-31,mom_12_1,0.171002811,493
2023-08-31,mom_12_1,0.008602046167,493
2023-09-29,mom_12_1,0.02148239416,493
2023-10-31,mom_12_1,0.1578680149,493
2023-11-30,mom_12_1,-0.2097641015,493
2023-12-29,mom_12_1,0.3394725581,494
2024-01-31,mom_12_1,0.3643975321,494
2024-02-29,mom_12_1,-0.1440721186,494
2024-03-28,mom_12_1,-0.1602941074,494
2024-04-30,mom_12_1,0.04410435904,494
2024-05-31,mom_12_1,0.09919767663,495
2024-06-28,mom_12_1,-0.1283549144,495
2024-07-31,mom_12_1,0.15118756,495
2024-08-30,mom_12_1,0.02782795357,495
2024-09-30,mom_12_1,0.1880862721,495
2024-10-31,mom_12_1,0.1873132236,496
2024-11-29,mom_12_1,-0.07377482231,496
2024-12-31,mom_12_1,0.2235763659,496
2025-01-31,mom_12_1,-0.09308697738,496
2025-02-28,mom_12_1,-0.2567329347,496
2025-03-31,mom_12_1,0.1525023465,499
2025-04-30,mom_12_1,0.007593114548,499
2025-05-30,mom_12_1,-0.1845361753,499
2025-06-30,mom_12_1,-0.01235010928,499
2025-07-31,mom_12_1,-0.228211897,499
2025-08-29,mom_12_1,0.3332257073,499
2025-09-30,mom_12_1,-0.009725269383,499
2025-10-31,mom_12_1,-0.02092987796,499
2025-11-28,mom_12_1,-0.1009279468,499
2025-12-31,mom_12_1,0.1485392329,499
2026-01-30,mom_12_1,0.06357403209,499
2026-02-27,mom_12_1,0.1148273926,500
2026-03-31,mom_12_1,0.3196736421,500
2026-04-30,mom_12_1,0.07997014965,500
2026-05-29,mom_12_1,0.1088942927,500
2026-06-30,mom_12_1,-0.2928051402,500
2026-07-31,mom_12_1,-0.2450663322,500
2026-08-31,mom_12_1,0.4255483359,496
2019-02-28,rev_21d,-0.1146953251,476
2019-03-29,rev_21d,0.150132054,476
2019-04-30,rev_21d,0.1420596324,479
2019-05-31,rev_21d,0.4431158538,479
2019-06-28,rev_21d,-0.02817444813,481
2019-07-31,rev_21d,-0.0508426481,482
2019-08-30,rev_21d,0.2685023142,482
2019-09-30,rev_21d,-0.09594576859,482
2019-10-31,rev_21d,-0.218883268,483
2019-11-29,rev_21d,0.0241118132,483
2019-12-31,rev_21d,0.1941882013,483
2020-01-31,rev_21d,-0.1797237671,483
2020-02-28,rev_21d,-0.2956110405,483
2020-03-31,rev_21d,0.2868661999,483
2020-04-30,rev_21d,-0.1291921974,485
2020-05-29,rev_21d,-0.0341158863,485
2020-06-30,rev_21d,-0.1120291836,485
2020-07-31,rev_21d,0.0403281828,485
2020-08-31,rev_21d,-0.06610814639,485
2020-09-30,rev_21d,-0.1112308594,485
2020-10-30,rev_21d,0.1024310247,486
2020-11-30,rev_21d,-0.2196344359,486
2020-12-31,rev_21d,0.02493549581,486
2021-01-29,rev_21d,0.02563447689,488
2021-02-26,rev_21d,0.3100017297,488
2021-03-31,rev_21d,0.102787881,489
2021-04-30,rev_21d,0.08792511095,489
2021-05-28,rev_21d,0.2080958853,491
2021-06-30,rev_21d,-0.3391993564,491
2021-07-30,rev_21d,-0.05641140254,491
2021-08-31,rev_21d,0.09383977392,492
2021-09-30,rev_21d,-0.002486695247,492
2021-10-29,rev_21d,-0.06269705188,492
2021-11-30,rev_21d,-0.08564919158,492
2021-12-31,rev_21d,-0.07939006477,492
2022-01-31,rev_21d,-0.2364037129,492
2022-02-28,rev_21d,-0.04578251136,493
2022-03-31,rev_21d,-0.1088343354,493
2022-04-29,rev_21d,0.0004791783363,493
2022-05-31,rev_21d,0.1404845575,493
2022-06-30,rev_21d,0.3276411106,493
2022-07-29,rev_21d,0.1367208104,493
2022-08-31,rev_21d,-0.1935315247,493
2022-09-30,rev_21d,-0.1368570474,493
2022-10-31,rev_21d,0.1303180367,493
2022-11-30,rev_21d,-0.09986631429,493
2022-12-30,rev_21d,0.393900136,493
2023-01-31,rev_21d,-0.09166272466,494
2023-02-28,rev_21d,-0.003540504508,494
2023-03-31,rev_21d,-0.01530969767,494
2023-04-28,rev_21d,0.1534981346,494
2023-05-31,rev_21d,-0.06791633556,494
2023-06-30,rev_21d,0.01236031403,495
2023-07-31,rev_21d,0.07611159602,495
2023-08-31,rev_21d,-0.05345912444,495
2023-09-29,rev_21d,-0.2092871052,495
2023-10-31,rev_21d,0.2351198706,495
2023-11-30,rev_21d,-0.2867422631,496
2023-12-29,rev_21d,0.2158537821,496
2024-01-31,rev_21d,-0.1151089332,496
2024-02-29,rev_21d,0.07499265863,496
2024-03-28,rev_21d,-0.2001977675,496
2024-04-30,rev_21d,-0.09465107129,499
2024-05-31,rev_21d,-0.01585287513,499
2024-06-28,rev_21d,0.1320847469,499
2024-07-31,rev_21d,-0.02215640612,499
2024-08-30,rev_21d,0.01626907465,499
2024-09-30,rev_21d,-0.10112421,499
2024-10-31,rev_21d,-0.4052636756,499
2024-11-29,rev_21d,0.03957254978,499
2024-12-31,rev_21d,0.02377746248,499
2025-01-31,rev_21d,0.1209119257,499
2025-02-28,rev_21d,-0.3210872461,499
2025-03-31,rev_21d,0.04692032758,500
2025-04-30,rev_21d,-0.09664871634,500
2025-05-30,rev_21d,-0.290127842,500
2025-06-30,rev_21d,-0.2459834599,500
2025-07-31,rev_21d,0.2055684088,500
2025-08-29,rev_21d,0.02276959134,500
2025-09-30,rev_21d,-0.2554294777,500
2025-10-31,rev_21d,0.04119696923,500
2025-11-28,rev_21d,0.02193165204,501
2025-12-31,rev_21d,-0.0213117418,501
2026-01-30,rev_21d,-0.3312068213,501
2026-02-27,rev_21d,0.1040004525,501
2026-03-31,rev_21d,-0.05270642908,501
2026-04-30,rev_21d,-0.1990316891,501
2026-05-29,rev_21d,-0.002916720218,501
2026-06-30,rev_21d,0.3305882878,502
2026-07-31,rev_21d,-0.1938842074,503
2026-08-31,rev_21d,0.2253995087,499
2019-04-30,vol_63d,0.4222564087,476
2019-05-31,vol_63d,-0.3791922803,476
2019-06-28,vol_63d,-0.05017006861,479
2019-07-31,vol_63d,0.410741781,479
2019-08-30,vol_63d,-0.1322504073,481
2019-09-30,vol_63d,-0.183914376,482
2019-10-31,vol_63d,-0.4041941652,482
2019-11-29,vol_63d,-0.1874944633,482
2019-12-31,vol_63d,0.2161091201,483
2020-01-31,vol_63d,-0.01609689677,483
2020-02-28,vol_63d,0.2230328144,483
2020-03-31,vol_63d,-0.3278607621,483
2020-04-30,vol_63d,0.03270935994,483
2020-05-29,vol_63d,-0.2435457506,483
2020-06-30,vol_63d,0.2532977096,485
2020-07-31,vol_63d,-0.1699107653,485
2020-08-31,vol_63d,0.118374262,485
2020-09-30,vol_63d,-0.05271759373,485
2020-10-30,vol_63d,-0.499169262,485
2020-11-30,vol_63d,-0.3095276348,485
2020-12-31,vol_63d,-0.186295652,486
2021-01-29,vol_63d,-0.4760613287,486
2021-02-26,vol_63d,0.3415160406,486
2021-03-31,vol_63d,0.1574324927,488
2021-04-30,vol_63d,-0.1100854481,488
2021-05-28,vol_63d,-0.2038034496,489
2021-06-30,vol_63d,0.3192375438,489
2021-07-30,vol_63d,-0.1041938746,491
2021-08-31,vol_63d,-0.2148500537,491
2021-09-30,vol_63d,-0.02748711176,491
2021-10-29,vol_63d,0.114026939,492
2021-11-30,vol_63d,0.2746126923,492
2021-12-31,vol_63d,0.1332628831,492
2022-01-31,vol_63d,-0.07673375554,492
2022-02-28,vol_63d,0.188503711,492
2022-03-31,vol_63d,0.4703037421,492
2022-04-29,vol_63d,0.01469480165,493
2022-05-31,vol_63d,0.4562898491,493
2022-06-30,vol_63d,-0.5033746131,493
2022-07-29,vol_63d,0.01647073371,493
2022-08-31,vol_63d,0.2083055762,493
2022-09-30,vol_63d,-0.0873190332,493
2022-10-31,vol_63d,-0.08586873266,493
2022-11-30,vol_63d,0.305959234,493
2022-12-30,vol_63d,-0.5870549384,493
2023-01-31,vol_63d,-0.008137129824,493
2023-02-28,vol_63d,-0.02973185111,493
2023-03-31,vol_63d,0.2589432234,494
2023-04-28,vol_63d,-0.1660481235,494
2023-05-31,vol_63d,-0.2446818925,494
2023-06-30,vol_63d,-0.3538510902,494
2023-07-31,vol_63d,0.1093995722,494
2023-08-31,vol_63d,0.161329012,495
2023-09-29,vol_63d,0.2950772697,495
2023-10-31,vol_63d,-0.2902762044,495
2023-11-30,vol_63d,-0.3696719855,495
2023-12-29,vol_63d,0.2425590386,495
2024-01-31,vol_63d,-0.1160685778,496
2024-02-29,vol_63d,-0.1293064702,496
2024-03-28,vol_63d,0.1357765139,496
2024-04-30,vol_63d,-0.1017695966,496
2024-05-31,vol_63d,-0.01218766465,496
2024-06-28,vol_63d,0.1380582481,499
2024-07-31,vol_63d,0.1891604812,499
2024-08-30,vol_63d,-0.1923996456,499
2024-09-30,vol_63d,-0.08139557056,499
2024-10-31,vol_63d,-0.1681487016,499
2024-11-29,vol_63d,0.01993221325,499
2024-12-31,vol_63d,-0.1703211181,499
2025-01-31,vol_63d,0.4306082662,499
2025-02-28,vol_63d,0.3565267494,499
2025-03-31,vol_63d,-0.1722516355,499
2025-04-30,vol_63d,-0.4297682657,499
2025-05-30,vol_63d,-0.574444875,500
2025-06-30,vol_63d,-0.2076772474,500
2025-07-31,vol_63d,-0.1489715913,500
2025-08-29,vol_63d,-0.0273086602,500
2025-09-30,vol_63d,-0.2510203846,500
2025-10-31,vol_63d,0.1132928195,500
2025-11-28,vol_63d,-0.1615017869,500
2025-12-31,vol_63d,-0.02020257069,500
2026-01-30,vol_63d,0.05197672344,501
2026-02-27,vol_63d,0.05788630157,501
2026-03-31,vol_63d,-0.2069017795,501
2026-04-30,vol_63d,-0.2947585409,501
2026-05-29,vol_63d,0.1110988864,501
2026-06-30,vol_63d,0.1527444202,501
2026-07-31,vol_63d,-0.2267264557,501
2026-08-31,vol_63d,0.1127642808,498
